category,subreddit,target,size,activity,growth
cats,Abyssinians,0.5266723130691974,8.394253971359998,0.2532188841201717,0.4488972565895643
cats,BombayCat,-1.445932959024372,6.105925671836435,0.12017167381974249,0.8170347003154574
cats,CalicoKittys,0.08283124404569614,9.803341847947705,6.592274678111588,1.3353829936753339
cats,KittyTailWrap,0.918007287740041,9.713617822764082,0.8283261802575107,0.3436755848158005
cats,Siamesecats,0.08635934224342903,10.506075116762817,9.523605150214593,0.3449170965962556
cats,SphynxCats,0.40937252599784507,9.696574476898888,0.6952789699570815,0.09694563616571684
cats,TabbyCats,0.20310063830784778,8.858866868830448,2.927038626609442,2.049414824447334
cats,TortoiseShellCats,0.26213976743109735,8.626921891030129,1.0772532188841202,0.9854469854469855
cats,WhiteCats,-0.27276776840740824,8.142155400356888,2.1974248927038627,2.247971602434077
cats,bengalcats,0.3300014120632715,10.362640981270744,7.0042918454935625,0.671443736730361
cats,birmans,-1.077056638052231,6.46341205828285,0.1459227467811159,0.3917910447761194
cats,blackcats,-0.30805919464671505,12.882092877161513,1.4206008583690988,0.047020212462476216
cats,britishshorthair,0.062072193858918434,9.700404462316659,5.240343347639485,0.8506545983513819
cats,catpictures,-0.05141043711190826,11.911402210292046,7.390557939914163,0.09569072107008374
cats,egyptianmau,-1.5597858115565695,5.634284054332878,0.04721030042918455,0.39826839826839827
cats,graycats,-0.7583655121425531,6.988820770123387,0.6866952789699571,0.8908122503328895
cats,mainecoons,0.15508814118821782,11.15755034998573,9.158798283261802,0.2708007032124021
cats,persiancat,-0.4452009649995997,8.339776307334528,0.9527896995708155,0.1525554981930821
cats,ragdollcats,-0.5025048052144256,8.279890048592874,0.43776824034334766,0.13930885529157666
cats,russianblue,-0.24667994749872818,9.143741594830043,2.0429184549356223,0.24302270577105015
cats,sphynx,0.2285165446739745,10.65850815035398,8.021459227467812,0.3470918266655389
dogs,AmericanBully,-0.9907193456966173,8.897289176185938,4.047210300429184,0.3577365728900256
dogs,BoxerDogs,-0.04871307863129865,8.77004198051136,1.7682403433476395,0.23854004497491785
dogs,Chihuahua,0.17458539388392805,11.059930712401263,20.429184549356222,0.2788594511973215
dogs,EnglishSetter,-0.49332092288564783,7.833970081475851,1.090128755364807,0.20401195049082374
dogs,Havanese,-0.20285565871042238,8.818962955916534,2.2145922746781115,0.19747081712062256
dogs,JapaneseChin,-0.07688003848978661,7.412542344322934,0.2145922746781116,0.21260898725687458
dogs,Keeshond,-0.16267574721900965,8.140733554326975,0.6909871244635193,0.20989261308167914
dogs,Leonberger,-1.1876762999210166,6.508681749693445,0.034334763948497854,0.0959119496855346
dogs,MiniatureSchnauzer,0.026280360224906433,8.637905254797268,0.017167381974248927,0.0003545470661230278
dogs,NewfoundlandDogs,-0.7348440424464177,7.0746492446235045,0.0815450643776824,0.14016172506738545
dogs,Pomeranians,0.044527785656403605,10.407556175299264,7.291845493562231,0.16513157894736843
dogs,PuppySmiles,0.3471161249870787,13.075261359248806,7.592274678111588,0.2671487035752364
dogs,SaintBernards,-0.690852056199951,6.873316830317814,0.4034334763948498,0.7245033112582782
dogs,ShibaInu,-0.31902936992198583,9.782345933328816,0.7639484978540773,0.13589274832419257
dogs,Staffiebullterriers,-0.0654320856655204,9.041117389982436,1.793991416309013,0.2204888195527821
dogs,Wheatens,0.31134189090052805,8.524092475620456,0.7253218884120172,0.24436936936936937
dogs,YorkshireTerrier,-1.2782281390316705,6.282051179236298,0.02575107296137339,0.1194331983805668
dogs,basset,0.3135419192550453,9.445094224659437,2.5107296137339055,0.14280871260276295
dogs,bassethounds,0.4967657920441827,9.041175473248472,0.26609442060085836,0.1913262099308611
dogs,beagle,0.36111978186797683,10.934064320753356,9.678111587982833,0.15349361238948192
dogs,beagles,-0.34253031759820324,8.99962782755673,2.4721030042918457,0.30021111893033076
dogs,dogpictures,-0.39984468796381817,13.522559384916471,43.57510729613734,0.4866780617882646
dogs,englishcockerspaniel,-0.658381788679485,7.230902968723816,0.15021459227467812,0.28114754098360656
dogs,germanshorthairs,-0.2792199925661764,8.524825019653813,1.2703862660944205,0.24832962138084633
dogs,greatpyrenees,0.24729391186865882,10.410062338091366,8.060085836909872,0.3138959991584558
dogs,pitbulls,-0.1260786377930188,12.35137807268359,34.24892703862661,0.21735690564563392
dogs,pomeranian,0.18478004739307669,8.580386950943977,0.39914163090128757,0.2145284621920136
dogs,pug,-0.17359003970488446,9.89206430514506,1.6738197424892705,0.12857757693135355
dogs,pugs,0.19952348779684723,11.54529995902415,23.583690987124463,0.2743874600517425
dogs,samoyeds,0.9978284997039424,11.439735958492287,5.570815450643777,0.13216639829477658
dogs,scottishterriers,-0.004940877402071211,8.513621196051893,0.9399141630901288,0.10936837643069097
